<?xml version="1.0" encoding="UTF-8"?>
<project-private xmlns="http://www.netbeans.org/ns/project-private/1">
    <editor-bookmarks xmlns="http://www.netbeans.org/ns/editor-bookmarks/2" lastBookmarkId="0"/>
    <open-files xmlns="http://www.netbeans.org/ns/projectui-open-files/2">
        <group>
            <file>file://Desktop-bq5r5o4/gao_kaixin_001239804/Kaixin_Gao_Assignment_HW1/src/Interface/InputPanel.java</file>
            <file>file://Desktop-bq5r5o4/gao_kaixin_001239804/Kaixin_Gao_Assignment_HW1/src/Interface/ViewPanel.java</file>
            <file>file://Desktop-bq5r5o4/gao_kaixin_001239804/Kaixin_Gao_Assignment_HW1/src/2015.png</file>
        </group>
    </open-files>
</project-private>
