<?xml version="1.0" encoding="UTF-8"?>
<project-private xmlns="http://www.netbeans.org/ns/project-private/1">
    <editor-bookmarks xmlns="http://www.netbeans.org/ns/editor-bookmarks/2" lastBookmarkId="0"/>
    <open-files xmlns="http://www.netbeans.org/ns/projectui-open-files/2">
        <group>
            <file>file:/C:/Users/Max/Desktop/assignment_2/src/Interface/InputPanel.java</file>
            <file>file:/C:/Users/Max/Desktop/assignment_2/src/Interface/ViewPanel.java</file>
            <file>file:/C:/Users/Max/Desktop/assignment_2/src/Resume_maker/Resume.java</file>
            <file>file:/C:/Users/Max/Desktop/assignment_2/src/Interface/MainFrame.java</file>
            <file>file:/C:/Users/Max/Desktop/assignment_2/src/2015.png</file>
            <file>file:/C:/Users/Max/Desktop/assignment_2/src/Resume_maker/ResumeList.java</file>
        </group>
    </open-files>
</project-private>
