<?xml version="1.0" encoding="UTF-8"?>
<project-private xmlns="http://www.netbeans.org/ns/project-private/1">
    <editor-bookmarks xmlns="http://www.netbeans.org/ns/editor-bookmarks/2" lastBookmarkId="0"/>
    <open-files xmlns="http://www.netbeans.org/ns/projectui-open-files/2">
        <group>
            <file>file:/C:/Users/Max/Desktop/Assignment5/src/Health/CityDirectory.java</file>
            <file>file:/C:/Users/Max/Desktop/Assignment5/src/Interface/FraminghamHeartDisease.java</file>
            <file>file:/C:/Users/Max/Desktop/Assignment5/src/Health/CommunityDirectory.java</file>
            <file>file:/C:/Users/Max/Desktop/Assignment5/src/Health/HouseDirectory.java</file>
            <file>file:/C:/Users/Max/Desktop/Assignment5/src/Health/Person.java</file>
            <file>file:/C:/Users/Max/Desktop/Assignment5/src/Health/House.java</file>
            <file>file:/C:/Users/Max/Desktop/Assignment5/src/Health/Community.java</file>
            <file>file:/C:/Users/Max/Desktop/Assignment5/src/Health/FamilyDirectory.java</file>
            <file>file:/C:/Users/Max/Desktop/Assignment5/src/Health/PersonDirectory.java</file>
            <file>file:/C:/Users/Max/Desktop/Assignment5/src/Health/Family.java</file>
            <file>file:/C:/Users/Max/Desktop/Assignment5/src/Health/City.java</file>
            <file>file:/C:/Users/Max/Desktop/Assignment5/src/Health/Initialization.java</file>
        </group>
    </open-files>
</project-private>
