<?xml version="1.0" encoding="UTF-8"?>
<project-private xmlns="http://www.netbeans.org/ns/project-private/1">
    <editor-bookmarks xmlns="http://www.netbeans.org/ns/editor-bookmarks/2" lastBookmarkId="0"/>
    <open-files xmlns="http://www.netbeans.org/ns/projectui-open-files/2">
        <group>
            <file>file:/C:/Users/zhang/NetBeansProjects/Assignment_4/src/Business/Degree.java</file>
            <file>file:/C:/Users/zhang/NetBeansProjects/Assignment_4/src/Business/Initialization.java</file>
            <file>file:/C:/Users/zhang/NetBeansProjects/Assignment_4/src/Business/DepartmentCourseCatalog.java</file>
            <file>file:/C:/Users/zhang/NetBeansProjects/Assignment_4/src/Business/Department.java</file>
            <file>file:/C:/Users/zhang/NetBeansProjects/Assignment_4/src/Business/College.java</file>
            <file>file:/C:/Users/zhang/NetBeansProjects/Assignment_4/src/Business/University.java</file>
            <file>file:/C:/Users/zhang/NetBeansProjects/Assignment_4/src/Interface/MainInterface.java</file>
        </group>
    </open-files>
</project-private>
