<?xml version="1.0" encoding="UTF-8"?>
<project-private xmlns="http://www.netbeans.org/ns/project-private/1">
    <editor-bookmarks xmlns="http://www.netbeans.org/ns/editor-bookmarks/2" lastBookmarkId="0"/>
    <open-files xmlns="http://www.netbeans.org/ns/projectui-open-files/2">
        <group>
            <file>file:/C:/Users/Max/Desktop/Kaixin_Gao_Assignment_Lab4/src/UserInterface/SupplierRole/ManageProductListJPanel.java</file>
            <file>file:/C:/Users/Max/Desktop/Kaixin_Gao_Assignment_Lab4/src/UserInterface/SupplierRole/SupplierWorkAreaJPanel.java</file>
            <file>file:/C:/Users/Max/Desktop/Kaixin_Gao_Assignment_Lab4/src/UserInterface/SupplierRole/LoginSupplier.java</file>
            <file>file:/C:/Users/Max/Desktop/Kaixin_Gao_Assignment_Lab4/src/UserInterface/AdministractiveRole/ManageSuppliers.java</file>
            <file>file:/C:/Users/Max/Desktop/Kaixin_Gao_Assignment_Lab4/src/UserInterface/SupplierRole/CreateNewProductJPanel.java</file>
            <file>file:/C:/Users/Max/Desktop/Kaixin_Gao_Assignment_Lab4/src/UserInterface/AdministractiveRole/AdminWorkAreaJPanel.java</file>
            <file>file:/C:/Users/Max/Desktop/Kaixin_Gao_Assignment_Lab4/src/UserInterface/AdministractiveRole/AddSupplier.java</file>
            <file>file:/C:/Users/Max/Desktop/Kaixin_Gao_Assignment_Lab4/src/Business/Product.java</file>
            <file>file:/C:/Users/Max/Desktop/Kaixin_Gao_Assignment_Lab4/src/UserInterface/SupplierRole/ViewProductJPanel.java</file>
            <file>file:/C:/Users/Max/Desktop/Kaixin_Gao_Assignment_Lab4/src/UserInterface/MainJFrame.java</file>
            <file>file:/C:/Users/Max/Desktop/Kaixin_Gao_Assignment_Lab4/src/Business/SupplierList.java</file>
            <file>file:/C:/Users/Max/Desktop/Kaixin_Gao_Assignment_Lab4/src/Business/ProductList.java</file>
            <file>file:/C:/Users/Max/Desktop/Kaixin_Gao_Assignment_Lab4/src/Business/Supplier.java</file>
            <file>file:/C:/Users/Max/Desktop/Kaixin_Gao_Assignment_Lab4/src/UserInterface/AdministractiveRole/ViewSupplier.java</file>
            <file>file:/C:/Users/Max/Desktop/Kaixin_Gao_Assignment_Lab4/src/UserInterface/SupplierRole/SearchProductJPanel.java</file>
        </group>
    </open-files>
</project-private>
