<?xml version="1.0" encoding="UTF-8"?>
<project-private xmlns="http://www.netbeans.org/ns/project-private/1">
    <editor-bookmarks xmlns="http://www.netbeans.org/ns/editor-bookmarks/2" lastBookmarkId="1">
        <file>
            <url>src/Business/Account.java</url>
            <bookmark id="1">
                <name/>
                <line>68</line>
                <key/>
            </bookmark>
        </file>
    </editor-bookmarks>
    <open-files xmlns="http://www.netbeans.org/ns/projectui-open-files/2">
        <group>
            <file>file:/C:/Users/Max/Desktop/Kaixin_Gao_Assignment_HW3/src/userInterface/ViewProductPanel_2_2_1.java</file>
            <file>file:/C:/Users/Max/Desktop/Kaixin_Gao_Assignment_HW3/src/userInterface/ManageProductPanel_2_2.java</file>
            <file>file:/C:/Users/Max/Desktop/Kaixin_Gao_Assignment_HW3/src/userInterface/UserSearchPanel_1_1.java</file>
            <file>file:/C:/Users/Max/Desktop/Kaixin_Gao_Assignment_HW3/src/userInterface/ManageOrderPanel_2_3.java</file>
            <file>file:/C:/Users/Max/Desktop/Kaixin_Gao_Assignment_HW3/src/userInterface/MainJFrame.java</file>
            <file>file:/C:/Users/Max/Desktop/Kaixin_Gao_Assignment_HW3/src/userInterface/UserPanel_1.java</file>
            <file>file:/C:/Users/Max/Desktop/Kaixin_Gao_Assignment_HW3/src/Business/ProductList.java</file>
            <file>file:/C:/Users/Max/Desktop/Kaixin_Gao_Assignment_HW3/src/Business/Product.java</file>
        </group>
    </open-files>
</project-private>
